"reference","name"
"local-plan","Local plan"
"adoption-statement","Adoption statement"
"area-action-plan","Area action plan"
"financial-viability-study","Financial viability study"
"inspectors-report","Inspectors report"
"policies-map","Policies map"
"strategic-flood-risk-assessment","Strategic flood risk assessment"
"strategic-housing-market-assessment","Strategic housing market assessment"
"supplementary-planning-documents","Supplementary planning documents"
"local-development-scheme","Local development scheme"
"sustainability-apprasial","Sustainability appraisal "
"local-plan-review","Local plan review"
"core-strategy","Core strategy"
"site-allocations","Site allocations"
"viability-assessment","Viability assessment"
"sustainability-appraisal","Sustainability appraisal"
